symbol,entry_ts,exit_ts,qty,entry_price,exit_price,pnl,holding_days
ABT,2010-03-31,2010-04-19,5654.0,17.709702409251673,17.739207820582795,166.823595666166,19
COST,2010-03-31,2010-05-06,2341.0,42.65526622827751,41.968798238561206,-1607.0215639258718,36
WMT,2010-04-19,2010-05-28,7828.0,12.933352548267337,12.213352241717189,-5636.162399674556,39
ALL,2010-03-31,2010-06-21,4466.0,22.320843326254035,21.66810232820471,-2915.1412972882836,82
BAC,2010-03-31,2010-06-21,7296.0,13.658382375315973,12.372349611457441,-9382.895045111853,82
DE,2010-03-31,2010-07-08,2218.0,44.732532904146275,42.24610391166239,-5514.899505329262,99
NOC,2010-03-31,2010-07-23,2328.0,42.74873576761051,38.07904004655895,-10871.051638608033,114
PG,2010-03-31,2010-07-27,2517.0,39.65636668937258,39.72107558577986,162.87229225711133,118
TGT,2010-03-31,2010-07-27,2937.0,33.913287789216554,33.55695937574362,-1046.5365503700166,118
F,2010-03-31,2010-07-29,14985.0,6.445182316932931,6.544211946720618,1483.9590023684852,120
LMT,2010-07-08,2010-07-29,1985.0,46.53305076043842,46.56649738433189,66.39154842853415,21
BMY,2010-07-27,2010-08-17,6691.0,14.600788616817097,15.347772615463018,4998.069934939862,21
BA,2010-06-30,2011-01-04,1822.0,49.77827174141056,53.31935061729931,6451.84571186929,188
NKE,2010-06-21,2011-02-07,6356.0,15.349203978303995,17.55566522404507,14024.267677930282,231
BRK-B,2010-03-31,2011-02-10,1225.0,81.24059694671631,83.70812500000001,3022.7218652725333,316
TGT,2010-07-29,2011-03-25,2939.0,33.15191120533467,32.56775251664835,-1716.842386049102,239
MET,2011-02-10,2011-04-05,4485.0,25.861285328698372,25.18776569897119,-3020.735539326408,54
C,2010-07-27,2011-04-07,3187.0,30.945486140405624,33.92523259629727,9496.451954926679,254
AIG,2010-05-28,2011-05-12,4202.0,23.12504175486341,23.6045738590533,2014.9939018059156,349
COP,2011-03-25,2011-06-22,3211.0,36.08013578371792,33.458398957486715,-8418.396949028403,89
CMCSA,2011-02-07,2011-06-29,15115.0,7.71041551245657,8.260096854565019,8308.433485969203,142
AAPL,2010-05-06,2011-07-05,12981.0,7.602310057160786,10.26271607546592,34534.730523618964,425
DVN,2011-04-07,2011-07-07,1996.0,58.71590735703951,52.213450653533705,-12978.903580197592,91
SPG,2011-04-05,2011-08-29,2257.0,51.782008024861206,57.328202787765825,12517.761579875725,146
DE,2010-08-17,2011-08-31,1947.0,49.53421855450841,61.055280649832405,22431.50789959581,379
ELV,2011-06-29,2011-08-31,1783.0,63.40925925118277,50.468895317081454,-23072.66889450264,63
PFE,2011-07-07,2011-08-31,10999.0,10.498630568779907,9.752132907867432,-8210.727772376309,55
FCX,2011-08-31,2011-10-10,3072.0,35.34255954211973,26.2749815177413,-27855.59969089054,40
CAT,2010-08-17,2011-10-13,2028.0,47.346032092470864,56.35872845750604,18277.748228291337,422
JNJ,2011-07-05,2011-10-24,2621.0,44.09526534982605,42.204629545552564,-4955.356443000808,111
CL,2011-10-10,2011-12-01,3116.0,32.34836841006434,32.52190681006556,540.7456544038025,52
ACN,2011-05-12,2012-01-13,2672.0,42.69128469621101,41.385945898346726,-3487.8652678933568,246
AMZN,2011-08-31,2012-01-13,10149.0,10.618806391239165,8.786104437351227,-18600.09213000868,135
IBM,2011-10-24,2012-01-24,1038.0,101.8124901110458,106.12539727434886,4476.797635508568,92
COST,2011-10-13,2012-02-01,1771.0,58.956305295248086,60.13921731233799,2094.937182266221,111
NSC,2012-02-01,2012-04-03,2039.0,52.57625237299513,48.422086446427485,-8470.344324271424,62
AET,2011-06-22,2012-06-08,2716.0,40.70701776566656,38.666343464497004,-5542.471401976524,352
MCD,2010-07-29,2012-08-21,2122.0,45.88770749672397,61.19092625310403,32473.430201038493,754
BMY,2012-01-13,2012-08-29,4948.0,21.107952244765315,20.875203996658325,-1151.6383316333865,229
MA,2011-08-31,2012-09-07,3526.0,30.663903976645244,39.92012996644767,32637.452840043345,373
DUK,2011-12-01,2012-10-01,3112.0,34.02909106195295,36.73358098154428,8416.372629768224,305
MO,2012-08-21,2012-10-05,8009.0,15.043811940212857,14.76485373884601,-2234.176234747071,45
UPS,2012-09-07,2012-10-05,2721.0,44.990297615441996,45.75673845821745,2085.4855331920057,28
PFE,2012-01-24,2012-11-30,9356.0,11.226439450274617,13.433030307019292,20644.864055703183,311
ABT,2012-01-13,2012-12-07,5268.0,19.91364748415215,23.884832973201913,20920.20515631415,329
AAPL,2011-08-29,2013-02-14,9011.0,11.626142547860821,14.10379994740942,22326.17082733243,535
PM,2012-10-01,2013-04-11,2592.0,47.47843527103901,50.630808345043015,8170.951007818378,192
CMCSA,2012-10-05,2013-07-01,9978.0,12.609268044900885,14.569226787607823,19556.468334729827,269
ALL,2012-06-08,2013-07-02,4436.0,25.355459442521322,37.051785065784294,51884.90046479454,389
AMGN,2012-04-03,2013-07-11,2506.0,46.4428310090885,72.3236947231159,64857.44446735268,464
AMZN,2013-02-14,2013-09-10,9474.0,13.375184005737305,15.019986402511597,15582.857907039643,208
DIS,2012-08-29,2013-09-12,2775.0,43.444009880746236,56.63734799870088,36611.51327732414,379
F,2013-07-02,2014-01-13,17465.0,8.19037452394766,8.59776201691759,7115.022564719822,195
AIG,2012-10-05,2014-02-25,4748.0,26.529901620580684,37.383786393746874,51534.244902993065,508
LOW,2013-09-12,2014-02-26,4119.0,37.63362007231989,40.21952605187181,10651.346729774346,167
CSCO,2014-02-25,2014-02-27,11347.0,15.26140907362036,15.06031990109411,-2281.7588406553664,2
AMZN,2014-01-13,2014-03-06,8715.0,19.908949667930603,18.693148139953614,-10595.71031631946,52
GOOGL,2013-07-11,2014-05-22,6559.0,22.671888350825668,27.36998538574889,30814.818452061416,315
BAC,2012-11-30,2014-06-06,15730.0,7.634351911901947,12.103911237981613,70306.16819923314,553
BA,2013-09-10,2014-08-21,1676.0,91.70861422605313,110.84681666467621,32075.627287132287,345
AET,2013-07-01,2014-08-28,2372.0,60.478051692936425,77.19220597069126,39645.97394683447,423
GOOGL,2014-08-28,2014-11-05,6849.0,28.77765386633928,28.093140605505795,-4688.231323448529,69
HON,2013-04-11,2014-11-11,2729.0,50.891709853339414,68.38662954354274,47743.63583456488,579
IBM,2014-11-05,2014-11-18,2077.0,96.8791013980049,98.40042081590161,3159.780430971458,13
FDX,2014-08-21,2015-01-09,1514.0,127.83907857415203,147.92436842586835,30409.128835498515,141
DD,2014-05-22,2015-01-21,7970.0,22.2225562997234,20.042739387083824,-17373.140793737428,244
NSC,2014-02-26,2015-02-04,2491.0,69.44939678908624,82.8345704884428,33342.46768509718,343
AMGN,2014-11-18,2015-02-23,1776.0,114.12216561013149,114.00586865577398,-206.54339093893554,97
EXC,2015-01-09,2015-03-31,11628.0,17.667160032668423,16.07087240745434,-18561.632505989382,81
HPQ,2014-03-06,2015-04-15,19242.0,9.213052235943865,10.275201354843954,20437.873345875523,405
INTC,2015-01-09,2015-04-16,7221.0,28.225137147025567,25.37156447979926,-20605.648230041155,97
BRK-B,2014-06-06,2015-05-05,1430.0,128.2640969467163,145.83704866027833,25129.32095039369,333
GILD,2012-12-07,2015-09-15,4718.0,25.469743660863003,76.15271165821004,239122.2430114833,1012
AAPL,2015-02-04,2015-09-15,7682.0,26.23485666741359,25.96594995125566,-2065.7413935252366,223
ALL,2015-02-23,2015-09-23,3626.0,55.94911505744155,46.091423464137655,-35743.989717319935,212
AMGN,2015-04-16,2015-10-16,1668.0,120.13382625323253,111.54734116064166,-14322.25713444156,183
ELV,2014-02-27,2015-12-11,2324.0,74.72201511955257,115.92721879786633,95760.8933484012,652
CVS,2015-03-31,2015-12-17,2652.0,75.01324496223926,70.87978826883334,-10961.927150912496,261
BA,2015-12-11,2016-02-04,1538.0,130.10591013926623,108.57016397959352,-33121.97759357663,55
COST,2015-12-17,2016-02-25,1506.0,136.36805634655164,130.08386503631553,-9463.992113215583,70
BMY,2015-05-05,2016-03-04,4446.0,44.72865897446483,45.67618300905753,4212.691857799159,304
AET,2015-04-15,2016-03-08,1910.0,104.70905560334208,105.79707933274489,2078.12532315936,328
HD,2015-09-15,2016-03-11,2167.0,89.50253890314183,99.893175419649,22516.50933127104,178
DUK,2016-03-08,2016-03-31,3873.0,50.28700598394181,52.889445659414676,10079.248863106408,23
MSFT,2016-03-31,2016-05-26,4209.0,48.37407860839517,45.98922781198874,-10037.837002074675,56
CI,2015-09-15,2016-05-27,1530.0,126.98382547802208,117.11748525512374,-15095.500541034467,255
GE,2016-02-25,2016-06-09,1555.0,122.82303480569708,128.49446812278737,8819.078808075401,105
ACN,2015-09-15,2016-08-24,2397.0,81.29146926450508,98.66106570215351,41634.922661043274,344
BMY,2016-05-27,2016-09-21,4127.0,50.19733686625491,39.69664540951505,-43336.3536419654,117
MO,2015-09-23,2016-10-25,7220.0,27.02119690394802,33.69320074824302,48171.867755809915,398
LMT,2016-03-11,2016-10-26,1180.0,167.361120853193,193.27912994021202,30583.25072268244,229
CSCO,2016-09-21,2016-11-08,8846.0,23.21614464164028,23.256832188827207,359.9220424155564,48
MCD,2016-03-04,2016-11-10,2135.0,91.72342770305588,91.67577649634195,-101.73532633422461,251
UNP,2016-10-25,2016-11-11,2843.0,72.78306209137564,78.64188396678519,16656.63059178934,17
GOOGL,2016-02-04,2016-12-12,5026.0,36.942780933781606,39.8911845606257,14818.676628518433,312
QCOM,2016-11-10,2017-02-16,4055.0,52.26987571771394,43.91066661392678,-33896.59291585693,98
CVX,2016-08-24,2017-03-02,3067.0,67.73561101930223,77.34889197135367,29483.932679941765,190
COP,2017-02-16,2017-03-31,6121.0,37.07085143010519,37.071145061393885,1.7973171180815442,43
CAT,2016-10-26,2017-04-07,3039.0,68.05495077561966,78.41533441916711,31485.2058927407,163
ABT,2017-04-07,2017-04-20,6193.0,36.8789605323454,37.126926059466186,1535.6505094590107,13
HAL,2016-11-08,2017-05-22,5271.0,39.16792556398028,40.138041796574434,5113.48266200377,195
MO,2017-03-31,2017-05-24,5976.0,37.99407541394963,38.1563513053448,969.760726977527,54
IBM,2017-04-20,2017-06-12,2176.0,104.22310544357208,100.48926365517006,-8124.83973156279,53
CSCO,2017-05-22,2017-06-20,9738.0,23.845297493066855,24.425604938251197,5651.0339012051245,29
HPQ,2016-12-12,2017-07-17,19126.0,11.316636066955743,13.720476553351062,45975.85314279688,217
SYK,2016-11-11,2017-09-14,2064.0,102.16072825655965,129.80656485488572,57061.00673894501,307
ALL,2016-06-09,2017-09-28,3832.0,54.452338029438685,74.87696826836233,78267.18307555541,476
GD,2017-06-12,2017-12-01,1451.0,163.63548119821382,171.1305491719037,10875.343629824023,172
JNJ,2016-05-26,2018-03-12,2379.0,86.56974468221995,107.0724038710561,48775.8262102412,655
NSC,2017-03-02,2018-03-12,2256.0,102.35764523447368,123.07603813432402,46740.69438206237,375
LMT,2018-03-12,2018-04-06,1152.0,275.6469795603691,277.4629819050427,2092.0347010639452,25
CI,2017-09-28,2018-04-16,1515.0,167.37925640640668,156.54317073512857,-16416.66979198634,200
DE,2017-07-17,2018-05-17,2225.0,110.12793252196147,130.81003948057423,46017.6879829134,304
BLK,2018-05-17,2018-07-25,722.0,437.2613220202114,417.74980903185104,-14087.312377596194,69
INTC,2018-04-06,2018-10-03,7090.0,42.10311352994634,41.560922754677264,-3844.1325966577565,180
CAT,2017-06-20,2018-11-14,2723.0,89.20929756690774,108.72993079872347,53154.68429023425,512
QCOM,2018-11-14,2018-11-30,6842.0,45.53347861102784,48.29156818118282,18870.84883900037,16
LOW,2018-10-03,2018-12-13,3619.0,97.95783052001542,80.76036047460836,-62237.64409432815,71
BA,2017-05-24,2019-01-09,1359.0,172.9566043311586,333.0864822430327,217616.50408223693,595
AAPL,2017-09-14,2019-01-09,6748.0,37.05050622468702,35.87817968937592,-7910.859460279305,482
HPQ,2018-04-03,2019-01-15,18208.0,16.22155606415278,16.091515512101182,-2367.7783717554707,287
AMZN,2015-10-16,2019-01-25,7069.0,28.277631963729856,83.48323902511598,390248.4363169385,1197
CSCO,2018-11-30,2019-01-25,8141.0,37.95844706141523,37.28442713818047,-5487.1961950541745,56
ELV,2018-12-13,2019-01-25,1203.0,253.82551809503417,242.87918774761116,-13168.435407949886,43
INTC,2019-01-15,2019-01-25,6982.0,41.94181641482463,40.29995471006377,-11463.478422640299,10
MDT,2019-01-25,2019-02-01,4185.0,71.68871277373418,72.58903785705284,3767.860473688603,7
PFE,2019-01-25,2019-05-14,10935.0,27.399754858221467,27.510648501332348,1212.6219874174826,109
COP,2018-07-25,2019-05-15,5936.0,54.66274039679477,48.398164950175904,-37186.519851129575,294
BA,2019-05-14,2019-06-07,921.0,334.01294998716577,345.85216735673373,10903.919197372094,24
DE,2019-05-15,2019-06-10,2303.0,132.16097304564494,135.53328048605658,7766.424035268021,26
AMZN,2019-02-01,2019-07-02,3520.0,81.98497224426269,95.92101726913452,49054.87848754884,151
LLY,2019-01-25,2019-08-05,2861.0,104.63192302719976,102.05500141658895,-7372.5727279575285,192
EXC,2019-06-10,2019-08-22,11209.0,28.06880627787301,25.708855502389795,-26452.688242391338,73
NKE,2019-01-09,2019-08-30,4202.0,69.82773233962266,78.28822107646853,35550.97367222636,233
ABT,2017-12-01,2019-10-29,5873.0,48.3911302376113,73.29000063615291,146231.06585063488,697
KO,2019-08-30,2019-11-29,7332.0,44.929393239089194,44.344724806961175,-4286.788944362638,91
DUK,2019-01-25,2019-12-11,4638.0,64.09463203032206,69.014496272798,22818.3303566034,320
MCD,2019-10-29,2019-12-13,1988.0,165.2100797709423,169.59771769569983,8722.624194417993,45
WMT,2019-08-05,2020-02-14,9574.0,32.66052560239644,35.88451310652582,30866.45636453471,193
MRK,2019-01-09,2020-03-27,5045.0,57.89590024373344,56.675979664400245,-6154.499322735986,443
VZ,2019-01-25,2020-03-27,7843.0,38.13389199183507,36.214125597152766,-15056.727833493323,427
AIG,2020-02-14,2020-03-30,8115.0,42.431214874346075,21.52220253112814,-169676.63516521355,45
AXP,2020-03-13,2020-04-01,3456.0,83.35735306176176,74.30902396089586,-31271.02537259255,19
GE,2019-11-29,2020-04-06,6075.0,54.578953667891355,34.239382370877635,-123562.89562935835,129
CMCSA,2019-07-02,2020-04-07,9674.0,33.019877323586165,29.09040704593269,-38013.69546601972,280
ACN,2019-08-22,2020-04-07,1823.0,177.7858218807982,155.928532770985,-39845.83804718951,229
ALL,2019-12-13,2020-04-08,3512.0,94.5965861940205,81.33739497960546,-46566.27954502562,117
CI,2020-04-01,2020-04-09,1701.0,154.4944197145743,169.95403048867502,26296.797926745334,8
ABT,2020-04-09,2020-04-13,3744.0,75.95352901258131,77.05595070290804,4127.466808583245,4
KO,2020-04-07,2020-04-14,7218.0,40.44230690550861,39.935383112782155,-3658.975935899544,7
CVS,2020-04-07,2020-04-15,6120.0,47.26307185044597,49.4583938906107,13435.370885808165,8
CI,2020-04-16,2020-04-20,1746.0,168.1761001662044,174.13723361253372,10408.138997290982,4
T,2020-04-13,2020-04-22,18414.0,15.367140429327424,15.553118031857391,3424.5915729868057,9
WMT,2020-04-06,2020-07-08,7227.0,36.505553775064634,39.379925391358846,20773.083670958273,93
BMY,2020-03-27,2020-10-08,6846.0,40.22556854322625,48.97302138659779,59885.06216572157,195
CVS,2020-04-20,2020-10-09,5831.0,51.222077973109506,50.386086149915,-4874.668321047156,172
GILD,2020-03-27,2020-10-23,4786.0,58.70113948142943,51.40598117607338,-34914.62764943404,210
COST,2019-06-07,2021-03-16,1365.0,228.09322110180906,311.50705786219487,113859.88717792662,648
TGT,2020-04-14,2021-03-23,3230.0,91.32908364281316,160.76272935173924,224270.67563983123,343
AAPL,2019-12-11,2021-04-08,5116.0,64.77043091452153,125.41835874968977,310274.79880472075,484
LLY,2020-04-08,2021-04-19,2098.0,132.4544078564938,179.6350377001811,98984.96141205599,376
ABT,2020-10-08,2021-06-22,3514.0,97.41440278878277,101.59750967364069,14699.437593390734,257
DD,2021-04-08,2021-07-15,13926.0,28.62465425747411,30.032431973380103,19604.712471706865,98
CAT,2020-10-09,2021-08-12,2441.0,142.14803533349203,204.20270698926728,151475.4535117474,307
BLK,2020-07-08,2021-10-15,665.0,480.9304429438902,809.527965379476,218517.35241966453,464
BA,2021-10-15,2021-11-17,2111.0,218.27908316802979,229.42522328948976,23529.501796402015,33
GE,2021-08-12,2022-01-05,6725.0,64.70714368408592,60.81038376217821,-26205.710474829342,146
COST,2022-01-05,2022-02-16,970.0,536.1765186876785,486.7747010745884,-47919.763084697384,42
DE,2021-03-23,2022-03-23,1123.0,343.2398382640288,399.45315129388126,63127.55053252434,365
BAC,2021-11-17,2022-03-28,11762.0,42.106620350166295,39.43338011566869,-31442.65163816083,131
FCX,2021-03-16,2022-05-25,11339.0,34.51222424529686,34.96242193939662,5104.791653397139,435
F,2021-06-22,2022-05-31,37816.0,11.139563940648285,10.307144531726838,-31478.77236777346,343
MSFT,2020-04-22,2022-06-03,1814.0,162.88593118733942,261.96927275215376,179737.1815985732,772
AXP,2021-07-15,2022-06-03,2540.0,161.56985976643594,158.64592315747294,-7426.79898676603,323
CVS,2022-03-23,2022-07-11,5889.0,92.68884713551117,81.15160830410574,-67942.79947814658,110
AIG,2021-03-23,2022-08-10,9448.0,40.84408585290085,49.915919089443676,85710.68041885666,505
EXC,2022-08-10,2022-11-02,12393.0,39.76363846321762,33.809595167671034,-73788.4585617088,84
NOC,2022-05-31,2023-02-27,1231.0,438.97099655712196,447.57565570856354,10592.335415424586,272
GD,2022-07-11,2023-03-03,2297.0,203.31417526788917,215.9189013591973,28953.05583173476,235
DVN,2021-04-19,2023-03-22,24236.0,17.059649043201595,44.09239275933928,655165.576704313,702
BMY,2022-06-03,2023-03-27,8602.0,62.79716000979491,58.75316508095043,-34786.44437792019,297
CVX,2022-04-01,2023-03-28,3861.0,138.68270438689225,138.4572803367836,-870.36225746947,361
ELV,2022-06-03,2023-03-28,1163.0,464.7683849047624,445.6071657987379,-22284.497820306464,298
DE,2023-02-27,2023-03-28,1230.0,400.42840615208166,376.9299941741469,-28903.046732859777,29
GS,2023-03-28,2023-04-12,1565.0,296.6399016809473,308.0730709498211,17892.909905787536,15
COP,2022-02-16,2023-04-14,6683.0,76.77239754650604,98.78484599534102,147109.19298356413,422
MS,2023-03-03,2023-04-19,5676.0,87.03698741547895,78.47562208161264,-48594.30963502515,47
IBM,2023-04-12,2023-04-21,4118.0,116.83983102143793,112.78455309261714,-16699.634510883996,9
CI,2023-04-14,2023-04-24,1946.0,249.89461186852773,239.58913805981146,-20054.452031761866,10
TXN,2023-04-14,2023-05-23,2981.0,162.70986092829278,155.44896695965144,-21644.724920519835,39
COP,2023-04-21,2023-05-24,5181.0,94.02439538047874,95.675365318835,8553.67525062383,33
LMT,2023-03-22,2023-06-07,1064.0,438.83055941165,425.26959418500996,-14428.867001144969,77
FDX,2023-04-24,2023-06-16,2236.0,217.0008382806639,223.99748134245795,15644.493886171455,53
KO,2023-05-23,2023-06-20,8566.0,56.27585459678086,56.721451883264685,3816.9863560204403,28
ABT,2023-05-24,2023-06-21,4786.0,99.53300671223144,100.34646351401751,3893.204253348152,28
AIG,2023-06-16,2023-09-08,9460.0,53.5994733382595,56.06969382601526,23368.285814169496,84
MCD,2023-03-22,2023-09-15,1848.0,252.11061608320952,267.58438259637836,28595.520516336015,177
KO,2023-09-08,2023-10-26,9590.0,53.74523949386237,52.32596248335081,-13610.8665308059,48
BA,2023-03-28,2023-11-06,2309.0,200.92041732788084,195.7820648803711,-11864.455801299971,223
TXN,2023-10-26,2023-11-07,3654.0,131.20753535552382,136.58576820699437,19652.062839273414,12
LOW,2023-06-21,2023-11-13,2459.0,203.4835216194375,183.87081325970217,-48227.64985658919,145
GILD,2023-03-28,2023-11-16,6445.0,72.26328331446372,69.52415293547635,-17653.695292573593,233
DD,2023-06-20,2023-11-22,18476.0,26.969377956483843,28.086308154618735,20636.402340740256,155
CI,2023-11-16,2023-11-29,1852.0,269.80589532652374,270.0607959899929,472.0760287449332,13
CSCO,2023-11-22,2023-12-13,11416.0,44.93119918441772,45.969243434736455,11850.313161638667,21
FDX,2023-11-29,2024-03-01,2121.0,242.64619458911852,236.35596945984148,-13341.567499196617,93
CMCSA,2023-09-15,2024-03-11,13147.0,39.107541713488864,36.82854666349536,-29961.947922264604,178
UNH,2024-03-01,2024-03-27,1187.0,466.8988771988751,472.3660490256586,6489.532958392013,26
AAPL,2023-12-13,2024-05-07,2652.0,193.00285929982465,181.5373539913857,-30406.52007798013,146
ORCL,2023-02-27,2024-05-15,5760.0,85.46003440255946,117.60342669193867,185145.93958682424,443
INTC,2023-11-07,2024-05-21,13148.0,37.753494686382616,31.762520411979697,-78769.32975984958,196
ACN,2024-03-11,2024-06-12,1540.0,361.7118152925871,282.5701816556885,-121878.1158008239,93
AMZN,2023-11-06,2024-08-26,3548.0,138.82937450408934,176.61164694976807,134051.50263726813,294
AMGN,2024-08-26,2024-10-16,1958.0,311.1694147575719,308.76651858142185,-4704.870712901745,51
LLY,2023-11-13,2024-12-09,843.0,583.3562697937814,814.4291188258237,194794.41173401166,392
